{
  "dataset": "data/suffix_marker_game_scenarios.jsonl",
  "target_label": "is_stego",
  "n_examples": 2000,
  "n_positive": 1000,
  "n_negative": 1000,
  "grouped_splits": true,
  "n_groups": 1000,
  "n_seeds": 5,
  "test_size": 0.2,
  "class_weight_mode": "auto",
  "baselines": {
    "char_features": {
      "features": [
        "length",
        "tab_count",
        "zwc_count",
        "digit_ratio",
        "newline_count",
        "cap_ratio",
        "space_ratio",
        "punct_ratio"
      ],
      "per_seed": [
        {
          "accuracy": 0.52,
          "auc_roc": 0.5274249999999999,
          "average_precision": 0.526945937661196,
          "balanced_accuracy": 0.52,
          "f1": 0.4696132596685083,
          "precision": 0.5246913580246914,
          "recall": 0.425,
          "threshold_selected": 0.42759662624529765,
          "threshold_train_best_f1": 0.6669449081803004,
          "threshold_accuracy": 0.5025,
          "threshold_f1": 0.6655462184873949,
          "threshold_precision": 0.5012658227848101,
          "threshold_recall": 0.99,
          "n_train": 1600,
          "n_test": 400,
          "class_weight": "none"
        },
        {
          "accuracy": 0.5125,
          "auc_roc": 0.5236500000000001,
          "average_precision": 0.5239281547197843,
          "balanced_accuracy": 0.5125,
          "f1": 0.5012787723785166,
          "precision": 0.5130890052356021,
          "recall": 0.49,
          "threshold_selected": 0.429858874354682,
          "threshold_train_best_f1": 0.6669452569995822,
          "threshold_accuracy": 0.5025,
          "threshold_f1": 0.6666666666666666,
          "threshold_precision": 0.5012594458438288,
          "threshold_recall": 0.995,
          "n_train": 1600,
          "n_test": 400,
          "class_weight": "none"
        },
        {
          "accuracy": 0.515,
          "auc_roc": 0.5251,
          "average_precision": 0.5254881521254853,
          "balanced_accuracy": 0.515,
          "f1": 0.5198019801980198,
          "precision": 0.5147058823529411,
          "recall": 0.525,
          "threshold_selected": 0.42828285496616364,
          "threshold_train_best_f1": 0.667223382045929,
          "threshold_accuracy": 0.5025,
          "threshold_f1": 0.6655462184873949,
          "threshold_precision": 0.5012658227848101,
          "threshold_recall": 0.99,
          "n_train": 1600,
          "n_test": 400,
          "class_weight": "none"
        },
        {
          "accuracy": 0.5225,
          "auc_roc": 0.5245500000000001,
          "average_precision": 0.525005077684254,
          "balanced_accuracy": 0.5225,
          "f1": 0.528395061728395,
          "precision": 0.5219512195121951,
          "recall": 0.535,
          "threshold_selected": 0.3845574706755604,
          "threshold_train_best_f1": 0.6669445602334305,
          "threshold_accuracy": 0.5,
          "threshold_f1": 0.6666666666666666,
          "threshold_precision": 0.5,
          "threshold_recall": 1.0,
          "n_train": 1600,
          "n_test": 400,
          "class_weight": "none"
        },
        {
          "accuracy": 0.5375,
          "auc_roc": 0.527575,
          "average_precision": 0.5261173011659466,
          "balanced_accuracy": 0.5375,
          "f1": 0.5563549160671463,
          "precision": 0.5345622119815668,
          "recall": 0.58,
          "threshold_selected": 0.3857220354854969,
          "threshold_train_best_f1": 0.6669445602334305,
          "threshold_accuracy": 0.5,
          "threshold_f1": 0.6666666666666666,
          "threshold_precision": 0.5,
          "threshold_recall": 1.0,
          "n_train": 1600,
          "n_test": 400,
          "class_weight": "none"
        }
      ],
      "mean_accuracy": 0.5215,
      "std_accuracy": 0.00874642784226795,
      "mean_auc_roc": 0.52566,
      "std_auc_roc": 0.0015727841555661334,
      "mean_average_precision": 0.5254969246713332,
      "std_average_precision": 0.00101858089683661,
      "mean_balanced_accuracy": 0.5215,
      "std_balanced_accuracy": 0.00874642784226795,
      "mean_f1": 0.5150887980081172,
      "std_f1": 0.02884754629211291,
      "mean_precision": 0.5217999354213994,
      "std_precision": 0.007713168067468671,
      "mean_recall": 0.511,
      "std_recall": 0.05171073389539158,
      "mean_threshold_accuracy": 0.5015,
      "std_threshold_accuracy": 0.001224744871391563,
      "mean_threshold_f1": 0.6662184873949579,
      "std_threshold_f1": 0.0005489052644892257,
      "mean_threshold_precision": 0.5007582182826897,
      "std_threshold_precision": 0.0006190870144981408,
      "mean_threshold_recall": 0.9949999999999999,
      "std_threshold_recall": 0.004472135954999583,
      "class_weight_mode": "none"
    },
    "tfidf_char_ngram": {
      "ngram_range": [
        2,
        4
      ],
      "max_features": 10000,
      "per_seed": [
        {
          "accuracy": 1.0,
          "auc_roc": 1.0,
          "average_precision": 1.0,
          "balanced_accuracy": 1.0,
          "f1": 1.0,
          "precision": 1.0,
          "recall": 1.0,
          "threshold_selected": 0.7913641161291778,
          "threshold_train_best_f1": 1.0,
          "threshold_accuracy": 0.9975,
          "threshold_f1": 0.9974937343358395,
          "threshold_precision": 1.0,
          "threshold_recall": 0.995,
          "n_train": 1600,
          "n_test": 400,
          "class_weight": "none",
          "n_features": 10000
        },
        {
          "accuracy": 1.0,
          "auc_roc": 1.0,
          "average_precision": 1.0,
          "balanced_accuracy": 1.0,
          "f1": 1.0,
          "precision": 1.0,
          "recall": 1.0,
          "threshold_selected": 0.7866363832015867,
          "threshold_train_best_f1": 1.0,
          "threshold_accuracy": 0.995,
          "threshold_f1": 0.9949748743718593,
          "threshold_precision": 1.0,
          "threshold_recall": 0.99,
          "n_train": 1600,
          "n_test": 400,
          "class_weight": "none",
          "n_features": 10000
        },
        {
          "accuracy": 1.0,
          "auc_roc": 1.0,
          "average_precision": 1.0,
          "balanced_accuracy": 1.0,
          "f1": 1.0,
          "precision": 1.0,
          "recall": 1.0,
          "threshold_selected": 0.7813534480712813,
          "threshold_train_best_f1": 1.0,
          "threshold_accuracy": 0.9975,
          "threshold_f1": 0.9974937343358395,
          "threshold_precision": 1.0,
          "threshold_recall": 0.995,
          "n_train": 1600,
          "n_test": 400,
          "class_weight": "none",
          "n_features": 10000
        },
        {
          "accuracy": 1.0,
          "auc_roc": 1.0,
          "average_precision": 1.0,
          "balanced_accuracy": 1.0,
          "f1": 1.0,
          "precision": 1.0,
          "recall": 1.0,
          "threshold_selected": 0.7909851118142311,
          "threshold_train_best_f1": 1.0,
          "threshold_accuracy": 1.0,
          "threshold_f1": 1.0,
          "threshold_precision": 1.0,
          "threshold_recall": 1.0,
          "n_train": 1600,
          "n_test": 400,
          "class_weight": "none",
          "n_features": 10000
        },
        {
          "accuracy": 1.0,
          "auc_roc": 1.0,
          "average_precision": 1.0,
          "balanced_accuracy": 1.0,
          "f1": 1.0,
          "precision": 1.0,
          "recall": 1.0,
          "threshold_selected": 0.7925011557277143,
          "threshold_train_best_f1": 1.0,
          "threshold_accuracy": 0.99,
          "threshold_f1": 0.98989898989899,
          "threshold_precision": 1.0,
          "threshold_recall": 0.98,
          "n_train": 1600,
          "n_test": 400,
          "class_weight": "none",
          "n_features": 10000
        }
      ],
      "mean_accuracy": 1.0,
      "std_accuracy": 0.0,
      "mean_auc_roc": 1.0,
      "std_auc_roc": 0.0,
      "mean_average_precision": 1.0,