{
  "task": "decode_task",
  "target_label": "recognized",
  "model": "meta-llama/Llama-3.1-8B-Instruct",
  "n_examples": 200,
  "n_positive": 24,
  "n_negative": 176,
  "n_seeds": 5,
  "test_size": 0.2,
  "token_position": "last",
  "best_layer": 31,
  "best_layer_metric": "auc_roc",
  "class_weight_mode": "auto",
  "decode_rescore_mode": "saved_labels",
  "results_by_layer": {
    "31": {
      "per_seed": [
        {
          "accuracy": 0.82,
          "auc_roc": 0.7010869565217391,
          "average_precision": 0.1464160839160839,
          "balanced_accuracy": 0.44565217391304346,
          "f1": 0.0,
          "precision": 0.0,
          "recall": 0.0,
          "threshold_selected": 0.4983836384777489,
          "threshold_train_best_f1": 0.9,
          "threshold_accuracy": 0.82,
          "threshold_f1": 0.0,
          "threshold_precision": 0.0,
          "threshold_recall": 0.0,
          "n_train": 150,
          "n_test": 50,
          "train_pos_rate": 0.13333333333333333,
          "test_pos_rate": 0.08,
          "coef_norm": 1.613089344340024,
          "class_weight": "none",
          "positive_predictions_default": 5,
          "positive_predictions_threshold": 5
        },
        {
          "accuracy": 0.9019607843137255,
          "auc_roc": 0.4521276595744681,
          "average_precision": 0.08390751405457289,
          "balanced_accuracy": 0.48936170212765956,
          "f1": 0.0,
          "precision": 0.0,
          "recall": 0.0,
          "threshold_selected": 0.35593943560615865,
          "threshold_train_best_f1": 0.9047619047619048,
          "threshold_accuracy": 0.8235294117647058,
          "threshold_f1": 0.0,
          "threshold_precision": 0.0,
          "threshold_recall": 0.0,
          "n_train": 149,
          "n_test": 51,
          "train_pos_rate": 0.1342281879194631,
          "test_pos_rate": 0.0784313725490196,
          "coef_norm": 1.7487593551138305,
          "class_weight": "none",
          "positive_predictions_default": 1,
          "positive_predictions_threshold": 5
        },
        {
          "accuracy": 0.85,
          "auc_roc": 0.38285714285714284,
          "average_precision": 0.11511899608009447,
          "balanced_accuracy": 0.4857142857142857,
          "f1": 0.0,
          "precision": 0.0,
          "recall": 0.0,
          "threshold_selected": 0.4410773427982247,
          "threshold_train_best_f1": 0.8947368421052632,
          "threshold_accuracy": 0.85,
          "threshold_f1": 0.0,
          "threshold_precision": 0.0,
          "threshold_recall": 0.0,
          "n_train": 160,
          "n_test": 40,
          "train_pos_rate": 0.11875,
          "test_pos_rate": 0.125,
          "coef_norm": 1.6424738765073368,
          "class_weight": "none",
          "positive_predictions_default": 1,
          "positive_predictions_threshold": 1
        },
        {
          "accuracy": 0.8536585365853658,
          "auc_roc": 0.3289473684210526,
          "average_precision": 0.0713038241493526,
          "balanced_accuracy": 0.4605263157894737,
          "f1": 0.0,
          "precision": 0.0,
          "recall": 0.0,
          "threshold_selected": 0.43207813589954774,
          "threshold_train_best_f1": 0.9302325581395349,
          "threshold_accuracy": 0.8536585365853658,
          "threshold_f1": 0.0,
          "threshold_precision": 0.0,
          "threshold_recall": 0.0,
          "n_train": 159,
          "n_test": 41,
          "train_pos_rate": 0.1320754716981132,
          "test_pos_rate": 0.07317073170731707,
          "coef_norm": 1.553411422284398,
          "class_weight": "none",
          "positive_predictions_default": 3,
          "positive_predictions_threshold": 3
        },
        {
          "accuracy": 0.8571428571428571,
          "auc_roc": 0.6033333333333334,
          "average_precision": 0.1916623727150043,
          "balanced_accuracy": 0.5,
          "f1": 0.0,
          "precision": 0.0,
          "recall": 0.0,
          "threshold_selected": 0.4439588064863854,
          "threshold_train_best_f1": 0.918918918918919,
          "threshold_accuracy": 0.8571428571428571,
          "threshold_f1": 0.0,
          "threshold_precision": 0.0,
          "threshold_recall": 0.0,
          "n_train": 165,
          "n_test": 35,
          "train_pos_rate": 0.11515151515151516,
          "test_pos_rate": 0.14285714285714285,
          "coef_norm": 1.6008003722770519,
          "class_weight": "none",
          "positive_predictions_default": 0,
          "positive_predictions_threshold": 0
        }
      ],
      "mean_accuracy": 0.8565524356083897,
      "std_accuracy": 0.026266542759170897,
      "mean_auc_roc": 0.4936704921415472,
      "std_auc_roc": 0.13869869591297207,
      "mean_average_precision": 0.12168175818302163,
      "std_average_precision": 0.043627910523285754,
      "mean_balanced_accuracy": 0.4762508955088925,
      "std_balanced_accuracy": 0.02004501503694331,
      "mean_f1": 0.0,
      "std_f1": 0.0,
      "mean_precision": 0.0,
      "std_precision": 0.0,
      "mean_recall": 0.0,
      "std_recall": 0.0,
      "mean_threshold_accuracy": 0.8408661610985858,
      "std_threshold_accuracy": 0.015798495334982246,
      "mean_threshold_f1": 0.0,
      "std_threshold_f1": 0.0,
      "mean_threshold_precision": 0.0,
      "std_threshold_precision": 0.0,
      "mean_threshold_recall": 0.0,
      "std_threshold_recall": 0.0,
      "class_weight_mode": "none"
    }
  },
  "per_method_results": {
    "whitespace": {
      "n_examples": 118,
      "per_seed": [
        {
          "accuracy": 0.6666666666666666,
          "auc_roc": 0.45833333333333337,
          "average_precision": 0.19998620230818376,
          "balanced_accuracy": 0.4166666666666667,
          "f1": 0.0,
          "precision": 0.0,
          "recall": 0.0,
          "threshold_selected": 0.3967759457683148,
          "threshold_train_best_f1": 0.918918918918919,
          "threshold_accuracy": 0.6,
          "threshold_f1": 0.0,
          "threshold_precision": 0.0,
          "threshold_recall": 0.0,
          "n_train": 88,
          "n_test": 30,
          "train_pos_rate": 0.20454545454545456,
          "test_pos_rate": 0.2,
          "coef_norm": 1.6289865681895428,
          "class_weight": "none",
          "positive_predictions_default": 4,
          "positive_predictions_threshold": 6
        },
        {
          "accuracy": 0.7307692307692307,
          "auc_roc": 0.4166666666666667,
          "average_precision": 0.12333333333333332,
          "balanced_accuracy": 0.3958333333333333,
          "f1": 0.0,
          "precision": 0.0,
          "recall": 0.0,
          "threshold_selected": 0.35781318288671277,
          "threshold_train_best_f1": 0.9545454545454546,
          "threshold_accuracy": 0.7692307692307693,
          "threshold_f1": 0.25,
          "threshold_precision": 0.16666666666666666,
          "threshold_recall": 0.5,
          "n_train": 92,
          "n_test": 26,
          "train_pos_rate": 0.2391304347826087,
          "test_pos_rate": 0.07692307692307693,
          "coef_norm": 1.686385477368145,
          "class_weight": "none",
          "positive_predictions_default": 5,
          "positive_predictions_threshold": 6
        },
        {
          "accuracy": 0.78125,
          "auc_roc": 0.3925925925925926,
          "average_precision": 0.15005901810999261,
          "balanced_accuracy": 0.46296296296296297,
          "f1": 0.0,
          "precision": 0.0,
          "recall": 0.0,
          "threshold_selected": 0.356243938950781,
          "threshold_train_best_f1": 0.8947368421052632,
          "threshold_accuracy": 0.75,
          "threshold_f1": 0.0,
          "threshold_precision": 0.0,
          "threshold_recall": 0.0,
          "n_train": 86,
          "n_test": 32,
          "train_pos_rate": 0.22093023255813954,
          "test_pos_rate": 0.15625,
          "coef_norm": 1.4976899665813277,