{
  "run_dir": "data/Qwen3-32B/runs/2026-03-22_suffix_marker",
  "n_stego": 1000,
  "n_clean": 1000,
  "mean_diff_by_layer": {
    "0": {
      "l2_norm_signed_diff": 0.9107638597488403,
      "cosine_stego_clean": 0.9990896976970782
    },
    "1": {
      "l2_norm_signed_diff": 1.290280818939209,
      "cosine_stego_clean": 0.9991811941526224
    },
    "2": {
      "l2_norm_signed_diff": 1.634520173072815,
      "cosine_stego_clean": 0.998877946252173
    },
    "3": {
      "l2_norm_signed_diff": 1.9627939462661743,
      "cosine_stego_clean": 0.9987545861183865
    },
    "4": {
      "l2_norm_signed_diff": 2.1493327617645264,
      "cosine_stego_clean": 0.998871297234466
    },
    "5": {
      "l2_norm_signed_diff": 2.5429794788360596,
      "cosine_stego_clean": 0.9986880184018551
    },
    "6": {
      "l2_norm_signed_diff": 2.7126235961914062,
      "cosine_stego_clean": 0.9988065863511573
    },
    "7": {
      "l2_norm_signed_diff": 2.862602472305298,
      "cosine_stego_clean": 0.999196611576697
    },
    "8": {
      "l2_norm_signed_diff": 3.0069801807403564,
      "cosine_stego_clean": 0.9993265714119303
    },
    "9": {
      "l2_norm_signed_diff": 3.314603805541992,
      "cosine_stego_clean": 0.9993308252601149
    },
    "10": {
      "l2_norm_signed_diff": 3.791707992553711,
      "cosine_stego_clean": 0.9992531355253346
    },
    "11": {
      "l2_norm_signed_diff": 4.005521774291992,
      "cosine_stego_clean": 0.9991868790723833
    },
    "12": {
      "l2_norm_signed_diff": 4.182209014892578,
      "cosine_stego_clean": 0.9991351014307104
    },
    "13": {
      "l2_norm_signed_diff": 4.335761070251465,
      "cosine_stego_clean": 0.9991015034670602
    },
    "14": {
      "l2_norm_signed_diff": 4.5108561515808105,
      "cosine_stego_clean": 0.9990711323726353
    },
    "15": {
      "l2_norm_signed_diff": 4.753565788269043,
      "cosine_stego_clean": 0.9990346509579623
    },
    "16": {
      "l2_norm_signed_diff": 4.896610736846924,
      "cosine_stego_clean": 0.9990281970567486
    },
    "17": {
      "l2_norm_signed_diff": 5.194064140319824,
      "cosine_stego_clean": 0.9989024031080653
    },
    "18": {
      "l2_norm_signed_diff": 5.465729236602783,
      "cosine_stego_clean": 0.9988498144492338
    },
    "19": {
      "l2_norm_signed_diff": 5.887966632843018,
      "cosine_stego_clean": 0.9987064796016382
    },
    "20": {
      "l2_norm_signed_diff": 6.381235599517822,
      "cosine_stego_clean": 0.9985794385063343
    },
    "21": {
      "l2_norm_signed_diff": 6.992376327514648,
      "cosine_stego_clean": 0.9984609611778955
    },
    "22": {
      "l2_norm_signed_diff": 7.616810321807861,
      "cosine_stego_clean": 0.9983478416049787
    },
    "23": {
      "l2_norm_signed_diff": 8.300674438476562,
      "cosine_stego_clean": 0.9981761295525982
    },
    "24": {
      "l2_norm_signed_diff": 9.066460609436035,
      "cosine_stego_clean": 0.9980808314953762
    },
    "25": {
      "l2_norm_signed_diff": 9.522970199584961,
      "cosine_stego_clean": 0.9978446520534383
    },
    "26": {
      "l2_norm_signed_diff": 10.084243774414062,
      "cosine_stego_clean": 0.997701980419484
    },
    "27": {
      "l2_norm_signed_diff": 9.856627464294434,
      "cosine_stego_clean": 0.9975723685618377
    },
    "28": {
      "l2_norm_signed_diff": 10.138140678405762,
      "cosine_stego_clean": 0.9973974027873644
    },
    "29": {
      "l2_norm_signed_diff": 10.72239875793457,
      "cosine_stego_clean": 0.9974445077696424
    },
    "30": {
      "l2_norm_signed_diff": 10.792577743530273,
      "cosine_stego_clean": 0.9973067040482151
    },
    "31": {
      "l2_norm_signed_diff": 10.42112922668457,
      "cosine_stego_clean": 0.9976599067689416
    },
    "32": {
      "l2_norm_signed_diff": 10.179784774780273,
      "cosine_stego_clean": 0.9977593792654244
    },
    "33": {
      "l2_norm_signed_diff": 10.253911972045898,
      "cosine_stego_clean": 0.9978837039975291
    },
    "34": {
      "l2_norm_signed_diff": 10.538371086120605,
      "cosine_stego_clean": 0.9978535998778307
    },
    "35": {
      "l2_norm_signed_diff": 11.420778274536133,
      "cosine_stego_clean": 0.9975827457957902
    },
    "36": {
      "l2_norm_signed_diff": 11.384284973144531,
      "cosine_stego_clean": 0.9975404166075763
    },
    "37": {
      "l2_norm_signed_diff": 11.52322006225586,
      "cosine_stego_clean": 0.9973233988610158
    },
    "38": {
      "l2_norm_signed_diff": 11.317536354064941,
      "cosine_stego_clean": 0.9973159572324805
    },
    "39": {
      "l2_norm_signed_diff": 11.463662147521973,
      "cosine_stego_clean": 0.9972652041056718
    },
    "40": {
      "l2_norm_signed_diff": 12.248428344726562,
      "cosine_stego_clean": 0.9969379444420668
    },
    "41": {
      "l2_norm_signed_diff": 13.098172187805176,
      "cosine_stego_clean": 0.9966638706939563
    },
    "42": {
      "l2_norm_signed_diff": 12.906733512878418,
      "cosine_stego_clean": 0.9966527900288498
    },
    "43": {
      "l2_norm_signed_diff": 14.94367790222168,
      "cosine_stego_clean": 0.995883719468678
    },
    "44": {
      "l2_norm_signed_diff": 15.460990905761719,
      "cosine_stego_clean": 0.9960211694640203
    },
    "45": {
      "l2_norm_signed_diff": 18.782983779907227,
      "cosine_stego_clean": 0.9952313288192298
    },
    "46": {
      "l2_norm_signed_diff": 22.445192337036133,
      "cosine_stego_clean": 0.9940761447834031
    },
    "47": {
      "l2_norm_signed_diff": 24.638341903686523,
      "cosine_stego_clean": 0.9941296854842864
    },
    "48": {
      "l2_norm_signed_diff": 27.430862426757812,
      "cosine_stego_clean": 0.9939804730461712
    },
    "49": {
      "l2_norm_signed_diff": 29.62553596496582,
      "cosine_stego_clean": 0.9938409355523854
    },
    "50": {
      "l2_norm_signed_diff": 33.69987487792969,
      "cosine_stego_clean": 0.9938730530702512
    },
    "51": {
      "l2_norm_signed_diff": 39.40900802612305,
      "cosine_stego_clean": 0.9927787811293606
    },
    "52": {
      "l2_norm_signed_diff": 44.77391815185547,
      "cosine_stego_clean": 0.9929015101246693
    },
    "53": {
      "l2_norm_signed_diff": 51.10356521606445,
      "cosine_stego_clean": 0.9930988994106615
    },
    "54": {
      "l2_norm_signed_diff": 59.62983322143555,
      "cosine_stego_clean": 0.9934046591287515
    },
    "55": {
      "l2_norm_signed_diff": 67.74958038330078,
      "cosine_stego_clean": 0.9934710232088558
    },
    "56": {
      "l2_norm_signed_diff": 74.62015533447266,
      "cosine_stego_clean": 0.9941757459133367
    },
    "57": {
      "l2_norm_signed_diff": 82.437255859375,
      "cosine_stego_clean": 0.9943266490599748
    },
    "58": {
      "l2_norm_signed_diff": 95.2818374633789,
      "cosine_stego_clean": 0.9940712971874685
    },
    "59": {
      "l2_norm_signed_diff": 105.22491455078125,
      "cosine_stego_clean": 0.9949650885925145
    },
    "60": {
      "l2_norm_signed_diff": 125.34031677246094,
      "cosine_stego_clean": 0.9948509591736285
    },
    "61": {
      "l2_norm_signed_diff": 141.51661682128906,
      "cosine_stego_clean": 0.995533290864618
    },
    "62": {
      "l2_norm_signed_diff": 169.21434020996094,
      "cosine_stego_clean": 0.9965044770909017
    },
    "63": {
      "l2_norm_signed_diff": 14.679035186767578,
      "cosine_stego_clean": 0.9932609307015653
    }
  },
  "gcm_by_layer_real": {
    "42": 0.9811051040887833,
    "45": 0.9817017801105976,
    "39": 0.3261243849992752,
    "43": 0.8541182838380337,
    "44": 0.910999983549118,
    "47": 0.5192588791251183,
    "40": 0.7346807569265366,
    "41": 0.8517523109912872,
    "46": 0.5520690195262432,
    "62": 0.08313655853271484,
    "48": 0.3859587348997593,
    "22": 0.18852382898330688,
    "63": 0.1829233169555664,
    "49": 0.40481725335121155,
    "50": 0.11221122741699219,
    "29": 0.06429314613342285,
    "37": 0.2121863290667534,