Metric,Original,Steered,Difference
Attack Success Rate (ASR %),52.800000000000004,35.699999999999996,-17.10000000000001
Avg Log-Prob of Signal,-40.22411138916016,-45.27033203125,-5.046220642089843
